{
    "eval_exact_match": 0.583076923076923,
    "eval_exec": 0.6023076923076923,
    "eval_loss": 0.8677099347114563,
    "eval_runtime": 2507.5295,
    "eval_samples": 1300,
    "eval_samples_per_second": 0.518
}