{
    "eval_exact_match": 0.32867883995703545,
    "eval_exec": 0.35123523093447906,
    "eval_loss": 1.9176028966903687,
    "eval_runtime": 3146.0969,
    "eval_samples": 931,
    "eval_samples_per_second": 0.296
}